13950101,Sunday,1
13950102,Monday,1
13950103,Tuesday,1
13950104,Wednesday,1
13950105,Thursday,1
13950106,Friday,1
13950107,Saturday,0
13950108,Sunday,0
13950109,Monday,0
13950110,Tuesday,0
13950111,Wednesday,0
13950112,Thursday,1
13950113,Friday,1
13950114,Saturday,0
13950115,Sunday,0
13950116,Monday,0
13950117,Tuesday,0
13950118,Wednesday,0
13950119,Thursday,1
13950120,Friday,1
13950121,Saturday,0
13950122,Sunday,0
13950123,Monday,0
13950124,Tuesday,0
13950125,Wednesday,0
13950126,Thursday,1
13950127,Friday,1
13950128,Saturday,0
13950129,Sunday,0
13950130,Monday,0
13950131,Tuesday,0
13950201,Wednesday,0
13950202,Thursday,1
13950203,Friday,1
13950204,Saturday,0
13950205,Sunday,0
13950206,Monday,0
13950207,Tuesday,0
13950208,Wednesday,0
13950209,Thursday,1
13950210,Friday,1
13950211,Saturday,0
13950212,Sunday,0
13950213,Monday,0
13950214,Tuesday,0
13950215,Wednesday,0
13950216,Thursday,1
13950217,Friday,1
13950218,Saturday,0
13950219,Sunday,0
13950220,Monday,0
13950221,Tuesday,0
13950222,Wednesday,0
13950223,Thursday,1
13950224,Friday,1
13950225,Saturday,0
13950226,Sunday,0
13950227,Monday,0
13950228,Tuesday,0
13950229,Wednesday,0
13950230,Thursday,1
13950231,Friday,1
13950301,Saturday,0
13950302,Sunday,1
13950303,Monday,0
13950304,Tuesday,0
13950305,Wednesday,0
13950306,Thursday,1
13950307,Friday,1
13950308,Saturday,0
13950309,Sunday,0
13950310,Monday,0
13950311,Tuesday,0
13950312,Wednesday,0
13950313,Thursday,1
13950314,Friday,1
13950315,Saturday,1
13950316,Sunday,0
13950317,Monday,0
13950318,Tuesday,0
13950319,Wednesday,0
13950320,Thursday,1
13950321,Friday,1
13950322,Saturday,0
13950323,Sunday,0
13950324,Monday,0
13950325,Tuesday,0
13950326,Wednesday,0
13950327,Thursday,1
13950328,Friday,1
13950329,Saturday,0
13950330,Sunday,0
13950331,Monday,0
13950401,Tuesday,0
13950402,Wednesday,0
13950403,Thursday,1
13950404,Friday,1
13950405,Saturday,0
13950406,Sunday,1
13950407,Monday,0
13950408,Tuesday,0
13950409,Wednesday,0
13950410,Thursday,1
13950411,Friday,1
13950412,Saturday,0
13950413,Sunday,0
13950414,Monday,0
13950415,Tuesday,0
13950416,Wednesday,1
13950417,Thursday,1
13950418,Friday,1
13950419,Saturday,0
13950420,Sunday,0
13950421,Monday,0
13950422,Tuesday,0
13950423,Wednesday,0
13950424,Thursday,1
13950425,Friday,1
13950426,Saturday,0
13950427,Sunday,0
13950428,Monday,0
13950429,Tuesday,0
13950430,Wednesday,0
13950431,Thursday,1
13950501,Friday,1
13950502,Saturday,0
13950503,Sunday,0
13950504,Monday,0
13950505,Tuesday,0
13950506,Wednesday,0
13950507,Thursday,1
13950508,Friday,1
13950509,Saturday,1
13950510,Sunday,0
13950511,Monday,0
13950512,Tuesday,0
13950513,Wednesday,0
13950514,Thursday,1
13950515,Friday,1
13950516,Saturday,0
13950517,Sunday,0
13950518,Monday,0
13950519,Tuesday,0
13950520,Wednesday,0
13950521,Thursday,1
13950522,Friday,1
13950523,Saturday,0
13950524,Sunday,0
13950525,Monday,0
13950526,Tuesday,0
13950527,Wednesday,0
13950528,Thursday,1
13950529,Friday,1
13950530,Saturday,0
13950531,Sunday,0
13950601,Monday,0
13950602,Tuesday,0
13950603,Wednesday,0
13950604,Thursday,1
13950605,Friday,1
13950606,Saturday,0
13950607,Sunday,0
13950608,Monday,0
13950609,Tuesday,0
13950610,Wednesday,0
13950611,Thursday,1
13950612,Friday,1
13950613,Saturday,0
13950614,Sunday,0
13950615,Monday,0
13950616,Tuesday,0
13950617,Wednesday,0
13950618,Thursday,1
13950619,Friday,1
13950620,Saturday,0
13950621,Sunday,0
13950622,Monday,1
13950623,Tuesday,0
13950624,Wednesday,0
13950625,Thursday,1
13950626,Friday,1
13950627,Saturday,0
13950628,Sunday,0
13950629,Monday,0
13950630,Tuesday,1
13950631,Wednesday,0
13950701,Thursday,1
13950702,Friday,1
13950703,Saturday,0
13950704,Sunday,0
13950705,Monday,0
13950706,Tuesday,0
13950707,Wednesday,0
13950708,Thursday,1
13950709,Friday,1
13950710,Saturday,0
13950711,Sunday,0
13950712,Monday,0
13950713,Tuesday,0
13950714,Wednesday,0
13950715,Thursday,1
13950716,Friday,1
13950717,Saturday,0
13950718,Sunday,0
13950719,Monday,0
13950720,Tuesday,1
13950721,Wednesday,1
13950722,Thursday,1
13950723,Friday,1
13950724,Saturday,0
13950725,Sunday,0
13950726,Monday,0
13950727,Tuesday,0
13950728,Wednesday,0
13950729,Thursday,1
13950730,Friday,1
13950801,Saturday,0
13950802,Sunday,0
13950803,Monday,0
13950804,Tuesday,0
13950805,Wednesday,0
13950806,Thursday,1
13950807,Friday,1
13950808,Saturday,0
13950809,Sunday,0
13950810,Monday,0
13950811,Tuesday,0
13950812,Wednesday,0
13950813,Thursday,1
13950814,Friday,1
13950815,Saturday,0
13950816,Sunday,0
13950817,Monday,0
13950818,Tuesday,0
13950819,Wednesday,0
13950820,Thursday,1
13950821,Friday,1
13950822,Saturday,0
13950823,Sunday,0
13950824,Monday,0
13950825,Tuesday,0
13950826,Wednesday,0
13950827,Thursday,1
13950828,Friday,1
13950829,Saturday,0
13950830,Sunday,1
13950901,Monday,0
13950902,Tuesday,0
13950903,Wednesday,0
13950904,Thursday,1
13950905,Friday,1
13950906,Saturday,0
13950907,Sunday,0
13950908,Monday,1
13950909,Tuesday,0
13950910,Wednesday,1
13950911,Thursday,1
13950912,Friday,1
13950913,Saturday,0
13950914,Sunday,0
13950915,Monday,0
13950916,Tuesday,0
13950917,Wednesday,0
13950918,Thursday,1
13950919,Friday,1
13950920,Saturday,0
13950921,Sunday,0
13950922,Monday,0
13950923,Tuesday,0
13950924,Wednesday,0
13950925,Thursday,1
13950926,Friday,1
13950927,Saturday,1
13950928,Sunday,0
13950929,Monday,0
13950930,Tuesday,0
13951001,Wednesday,0
13951002,Thursday,1
13951003,Friday,1
13951004,Saturday,0
13951005,Sunday,0
13951006,Monday,0
13951007,Tuesday,0
13951008,Wednesday,0
13951009,Thursday,1
13951010,Friday,1
13951011,Saturday,0
13951012,Sunday,0
13951013,Monday,0
13951014,Tuesday,0
13951015,Wednesday,0
13951016,Thursday,1
13951017,Friday,1
13951018,Saturday,0
13951019,Sunday,0
13951020,Monday,0
13951021,Tuesday,0
13951022,Wednesday,0
13951023,Thursday,1
13951024,Friday,1
13951025,Saturday,0
13951026,Sunday,0
13951027,Monday,0
13951028,Tuesday,0
13951029,Wednesday,0
13951030,Thursday,1
13951101,Friday,1
13951102,Saturday,0
13951103,Sunday,0
13951104,Monday,0
13951105,Tuesday,0
13951106,Wednesday,0
13951107,Thursday,1
13951108,Friday,1
13951109,Saturday,0
13951110,Sunday,0
13951111,Monday,0
13951112,Tuesday,0
13951113,Wednesday,0
13951114,Thursday,1
13951115,Friday,1
13951116,Saturday,0
13951117,Sunday,0
13951118,Monday,0
13951119,Tuesday,0
13951120,Wednesday,0
13951121,Thursday,1
13951122,Friday,1
13951123,Saturday,0
13951124,Sunday,0
13951125,Monday,0
13951126,Tuesday,0
13951127,Wednesday,0
13951128,Thursday,1
13951129,Friday,1
13951130,Saturday,0
13951201,Sunday,0
13951202,Monday,0
13951203,Tuesday,0
13951204,Wednesday,0
13951205,Thursday,1
13951206,Friday,1
13951207,Saturday,0
13951208,Sunday,0
13951209,Monday,0
13951210,Tuesday,0
13951211,Wednesday,0
13951212,Thursday,1
13951213,Friday,1
13951214,Saturday,0
13951215,Sunday,0
13951216,Monday,0
13951217,Tuesday,0
13951218,Wednesday,0
13951219,Thursday,1
13951220,Friday,1
13951221,Saturday,0
13951222,Sunday,0
13951223,Monday,0
13951224,Tuesday,0
13951225,Wednesday,0
13951226,Thursday,1
13951227,Friday,1
13951228,Saturday,1
13951229,Sunday,1
13951230,Monday,1
13960101,Tuesday,1
13960102,Wednesday,1
13960103,Thursday,1
13960104,Friday,1
13960105,Saturday,0
13960106,Sunday,0
13960107,Monday,0
13960108,Tuesday,0
13960109,Wednesday,0
13960110,Thursday,1
13960111,Friday,1
13960112,Saturday,1
13960113,Sunday,1
13960114,Monday,0
13960115,Tuesday,0
13960116,Wednesday,0
13960117,Thursday,1
13960118,Friday,1
13960119,Saturday,0
13960120,Sunday,0
13960121,Monday,1
13960122,Tuesday,0
13960123,Wednesday,0
13960124,Thursday,1
13960125,Friday,1
13960126,Saturday,0
13960127,Sunday,0
13960128,Monday,0
13960129,Tuesday,0
13960130,Wednesday,0
13960131,Thursday,1
13960201,Friday,1
13960202,Saturday,0
13960203,Sunday,0
13960204,Monday,1
13960205,Tuesday,0
13960206,Wednesday,0
13960207,Thursday,1
13960208,Friday,1
13960209,Saturday,0
13960210,Sunday,0
13960211,Monday,0
13960212,Tuesday,0
13960213,Wednesday,0
13960214,Thursday,1
13960215,Friday,1
13960216,Saturday,0
13960217,Sunday,0
13960218,Monday,0
13960219,Tuesday,0
13960220,Wednesday,0
13960221,Thursday,1
13960222,Friday,1
13960223,Saturday,0
13960224,Sunday,0
13960225,Monday,0
13960226,Tuesday,0
13960227,Wednesday,0
13960228,Thursday,1
13960229,Friday,1
13960230,Saturday,0
13960231,Sunday,0
13960301,Monday,0
13960302,Tuesday,0
13960303,Wednesday,0
13960304,Thursday,1
13960305,Friday,1
13960306,Saturday,0
13960307,Sunday,0
13960308,Monday,0
13960309,Tuesday,0
13960310,Wednesday,0
13960311,Thursday,1
13960312,Friday,1
13960313,Saturday,0
13960314,Sunday,1
13960315,Monday,1
13960316,Tuesday,0
13960317,Wednesday,0
13960318,Thursday,1
13960319,Friday,1
13960320,Saturday,0
13960321,Sunday,0
13960322,Monday,0
13960323,Tuesday,0
13960324,Wednesday,0
13960325,Thursday,1
13960326,Friday,1
13960327,Saturday,0
13960328,Sunday,0
13960329,Monday,0
13960330,Tuesday,0
13960331,Wednesday,0
13960401,Thursday,1
13960402,Friday,1
13960403,Saturday,0
13960404,Sunday,1
13960405,Monday,1
13960406,Tuesday,0
13960407,Wednesday,0
13960408,Thursday,1
13960409,Friday,1
13960410,Saturday,0
13960411,Sunday,0
13960412,Monday,0
13960413,Tuesday,0
13960414,Wednesday,0
13960415,Thursday,1
13960416,Friday,1
13960417,Saturday,0
13960418,Sunday,0
13960419,Monday,0
13960420,Tuesday,0
13960421,Wednesday,0
13960422,Thursday,1
13960423,Friday,1
13960424,Saturday,0
13960425,Sunday,0
13960426,Monday,0
13960427,Tuesday,0
13960428,Wednesday,1
13960429,Thursday,1
13960430,Friday,1
13960431,Saturday,0
13960501,Sunday,0
13960502,Monday,0
13960503,Tuesday,0
13960504,Wednesday,0
13960505,Thursday,1
13960506,Friday,1
13960507,Saturday,0
13960508,Sunday,0
13960509,Monday,0
13960510,Tuesday,0
13960511,Wednesday,0
13960512,Thursday,1
13960513,Friday,1
13960514,Saturday,0
13960515,Sunday,0
13960516,Monday,0
13960517,Tuesday,0
13960518,Wednesday,0
13960519,Thursday,1
13960520,Friday,1
13960521,Saturday,0
13960522,Sunday,0
13960523,Monday,0
13960524,Tuesday,0
13960525,Wednesday,0
13960526,Thursday,1
13960527,Friday,1
13960528,Saturday,0
13960529,Sunday,0
13960530,Monday,0
13960531,Tuesday,0
13960601,Wednesday,0
13960602,Thursday,1
13960603,Friday,1
13960604,Saturday,0
13960605,Sunday,0
13960606,Monday,0
13960607,Tuesday,0
13960608,Wednesday,0
13960609,Thursday,1
13960610,Friday,1
13960611,Saturday,0
13960612,Sunday,0
13960613,Monday,0
13960614,Tuesday,0
13960615,Wednesday,0
13960616,Thursday,1
13960617,Friday,1
13960618,Saturday,1
13960619,Sunday,0
13960620,Monday,0
13960621,Tuesday,0
13960622,Wednesday,0
13960623,Thursday,1
13960624,Friday,1
13960625,Saturday,0
13960626,Sunday,0
13960627,Monday,0
13960628,Tuesday,0
13960629,Wednesday,0
13960630,Thursday,1
13960631,Friday,1
13960701,Saturday,0
13960702,Sunday,0
13960703,Monday,0
13960704,Tuesday,0
13960705,Wednesday,0
13960706,Thursday,1
13960707,Friday,1
13960708,Saturday,1
13960709,Sunday,1
13960710,Monday,0
13960711,Tuesday,0
13960712,Wednesday,0
13960713,Thursday,1
13960714,Friday,1
13960715,Saturday,0
13960716,Sunday,0
13960717,Monday,0
13960718,Tuesday,0
13960719,Wednesday,0
13960720,Thursday,1
13960721,Friday,1
13960722,Saturday,0
13960723,Sunday,0
13960724,Monday,0
13960725,Tuesday,0
13960726,Wednesday,0
13960727,Thursday,1
13960728,Friday,1
13960729,Saturday,0
13960730,Sunday,0
13960801,Monday,0
13960802,Tuesday,0
13960803,Wednesday,0
13960804,Thursday,1
13960805,Friday,1
13960806,Saturday,0
13960807,Sunday,0
13960808,Monday,0
13960809,Tuesday,0
13960810,Wednesday,0
13960811,Thursday,1
13960812,Friday,1
13960813,Saturday,0
13960814,Sunday,0
13960815,Monday,0
13960816,Tuesday,0
13960817,Wednesday,0
13960818,Thursday,1
13960819,Friday,1
13960820,Saturday,0
13960821,Sunday,0
13960822,Monday,0
13960823,Tuesday,0
13960824,Wednesday,0
13960825,Thursday,1
13960826,Friday,1
13960827,Saturday,0
13960828,Sunday,1
13960829,Monday,0
13960830,Tuesday,0
13960901,Wednesday,0
13960902,Thursday,1
13960903,Friday,1
13960904,Saturday,0
13960905,Sunday,0
13960906,Monday,1
13960907,Tuesday,0
13960908,Wednesday,0
13960909,Thursday,1
13960910,Friday,1
13960911,Saturday,0
13960912,Sunday,0
13960913,Monday,0
13960914,Tuesday,0
13960915,Wednesday,1
13960916,Thursday,1
13960917,Friday,1
13960918,Saturday,0
13960919,Sunday,0
13960920,Monday,0
13960921,Tuesday,0
13960922,Wednesday,0
13960923,Thursday,1
13960924,Friday,1
13960925,Saturday,0
13960926,Sunday,0
13960927,Monday,0
13960928,Tuesday,0
13960929,Wednesday,0
13960930,Thursday,1
13961001,Friday,1
13961002,Saturday,0
13961003,Sunday,0
13961004,Monday,0
13961005,Tuesday,0
13961006,Wednesday,0
13961007,Thursday,1
13961008,Friday,1
13961009,Saturday,0
13961010,Sunday,0
13961011,Monday,0
13961012,Tuesday,0
13961013,Wednesday,0
13961014,Thursday,1
13961015,Friday,1
13961016,Saturday,0
13961017,Sunday,0
13961018,Monday,0
13961019,Tuesday,0
13961020,Wednesday,0
13961021,Thursday,1
13961022,Friday,1
13961023,Saturday,0
13961024,Sunday,0
13961025,Monday,0
13961026,Tuesday,0
13961027,Wednesday,0
13961028,Thursday,1
13961029,Friday,1
13961030,Saturday,0
13961101,Sunday,0
13961102,Monday,0
13961103,Tuesday,0
13961104,Wednesday,0
13961105,Thursday,1
13961106,Friday,1
13961107,Saturday,0
13961108,Sunday,0
13961109,Monday,0
13961110,Tuesday,0
13961111,Wednesday,0
13961112,Thursday,1
13961113,Friday,1
13961114,Saturday,0
13961115,Sunday,0
13961116,Monday,0
13961117,Tuesday,0
13961118,Wednesday,0
13961119,Thursday,1
13961120,Friday,1
13961121,Saturday,0
13961122,Sunday,1
13961123,Monday,0
13961124,Tuesday,0
13961125,Wednesday,0
13961126,Thursday,1
13961127,Friday,1
13961128,Saturday,0
13961129,Sunday,0
13961130,Monday,1
13961201,Tuesday,0
13961202,Wednesday,0
13961203,Thursday,1
13961204,Friday,1
13961205,Saturday,0
13961206,Sunday,0
13961207,Monday,0
13961208,Tuesday,0
13961209,Wednesday,0
13961210,Thursday,1
13961211,Friday,1
13961212,Saturday,0
13961213,Sunday,0
13961214,Monday,0
13961215,Tuesday,0
13961216,Wednesday,0
13961217,Thursday,1
13961218,Friday,1
13961219,Saturday,0
13961220,Sunday,0
13961221,Monday,0
13961222,Tuesday,0
13961223,Wednesday,0
13961224,Thursday,1
13961225,Friday,1
13961226,Saturday,0
13961227,Sunday,1
13961228,Monday,1
13961229,Tuesday,1
13970101,Wednesday,1
13970102,Thursday,1
13970103,Friday,1
13970104,Saturday,1
13970105,Sunday,0
13970106,Monday,0
13970107,Tuesday,0
13970108,Wednesday,0
13970109,Thursday,1
13970110,Friday,1
13970111,Saturday,0
13970112,Sunday,1
13970113,Monday,1
13970114,Tuesday,0
13970115,Wednesday,0
13970116,Thursday,1
13970117,Friday,1
13970118,Saturday,0
13970119,Sunday,0
13970120,Monday,0
13970121,Tuesday,0
13970122,Wednesday,0
13970123,Thursday,1
13970124,Friday,1
13970125,Saturday,0
13970126,Sunday,0
13970127,Monday,0
13970128,Tuesday,0
13970129,Wednesday,0
13970130,Thursday,1
13970131,Friday,1
13970201,Saturday,0
13970202,Sunday,0
13970203,Monday,0
13970204,Tuesday,0
13970205,Wednesday,0
13970206,Thursday,1
13970207,Friday,1
13970208,Saturday,0
13970209,Sunday,0
13970210,Monday,1
13970211,Tuesday,0
13970212,Wednesday,0
13970213,Thursday,1
13970214,Friday,1
13970215,Saturday,0
13970216,Sunday,0
13970217,Monday,0
13970218,Tuesday,0
13970219,Wednesday,0
13970220,Thursday,1
13970221,Friday,1
13970222,Saturday,0
13970223,Sunday,0
13970224,Monday,0
13970225,Tuesday,0
13970226,Wednesday,0
13970227,Thursday,1
13970228,Friday,1
13970229,Saturday,0
13970230,Sunday,0
13970231,Monday,0
13970301,Tuesday,0
13970302,Wednesday,0
13970303,Thursday,1
13970304,Friday,1
13970305,Saturday,0
13970306,Sunday,0
13970307,Monday,0
13970308,Tuesday,0
13970309,Wednesday,0
13970310,Thursday,1
13970311,Friday,1
13970312,Saturday,0
13970313,Sunday,0
13970314,Monday,1
13970315,Tuesday,1
13970316,Wednesday,0
13970317,Thursday,1
13970318,Friday,1
13970319,Saturday,0
13970320,Sunday,0
13970321,Monday,0
13970322,Tuesday,0
13970323,Wednesday,1
13970324,Thursday,1
13970325,Friday,1
13970326,Saturday,0
13970327,Sunday,0
13970328,Monday,0
13970329,Tuesday,0
13970330,Wednesday,0
13970331,Thursday,1
13970401,Friday,1
13970402,Saturday,0
13970403,Sunday,0
13970404,Monday,0
13970405,Tuesday,0
13970406,Wednesday,0
13970407,Thursday,1
13970408,Friday,1
13970409,Saturday,0
13970410,Sunday,0
13970411,Monday,0
13970412,Tuesday,0
13970413,Wednesday,0
13970414,Thursday,1
13970415,Friday,1
13970416,Saturday,1
13970417,Sunday,0
13970418,Monday,0
13970419,Tuesday,0
13970420,Wednesday,0
13970421,Thursday,1
13970422,Friday,1
13970423,Saturday,0
13970424,Sunday,0
13970425,Monday,0
13970426,Tuesday,0
13970427,Wednesday,0
13970428,Thursday,1
13970429,Friday,1
13970430,Saturday,0
13970431,Sunday,0
13970501,Monday,0
13970502,Tuesday,0
13970503,Wednesday,0
13970504,Thursday,1
13970505,Friday,1
13970506,Saturday,0
13970507,Sunday,0
13970508,Monday,0
13970509,Tuesday,0
13970510,Wednesday,0
13970511,Thursday,1
13970512,Friday,1
13970513,Saturday,0
13970514,Sunday,0
13970515,Monday,0
13970516,Tuesday,0
13970517,Wednesday,0
13970518,Thursday,1
13970519,Friday,1
13970520,Saturday,0
13970521,Sunday,0
13970522,Monday,0
13970523,Tuesday,0
13970524,Wednesday,0
13970525,Thursday,1
13970526,Friday,1
13970527,Saturday,0
13970528,Sunday,0
13970529,Monday,1
13970530,Tuesday,0
13970531,Wednesday,0
13970601,Thursday,1
13970602,Friday,1
13970603,Saturday,0
13970604,Sunday,0
13970605,Monday,0
13970606,Tuesday,1
13970607,Wednesday,0
13970608,Thursday,1
13970609,Friday,1
13970610,Saturday,0
13970611,Sunday,0
13970612,Monday,0
13970613,Tuesday,0
13970614,Wednesday,0
13970615,Thursday,1
13970616,Friday,1
13970617,Saturday,0
13970618,Sunday,0
13970619,Monday,0
13970620,Tuesday,0
13970621,Wednesday,0
13970622,Thursday,1
13970623,Friday,1
13970624,Saturday,0
13970625,Sunday,0
13970626,Monday,0
13970627,Tuesday,1
13970628,Wednesday,1
13970629,Thursday,1
13970630,Friday,1
13970631,Saturday,0
13970701,Sunday,0
13970702,Monday,0
13970703,Tuesday,0
13970704,Wednesday,0
13970705,Thursday,1
13970706,Friday,1
13970707,Saturday,0
13970708,Sunday,0
13970709,Monday,0
13970710,Tuesday,0
13970711,Wednesday,0
13970712,Thursday,1
13970713,Friday,1
13970714,Saturday,0
13970715,Sunday,0
13970716,Monday,0
13970717,Tuesday,0
13970718,Wednesday,0
13970719,Thursday,1
13970720,Friday,1
13970721,Saturday,0
13970722,Sunday,0
13970723,Monday,0
13970724,Tuesday,0
13970725,Wednesday,0
13970726,Thursday,1
13970727,Friday,1
13970728,Saturday,0
13970729,Sunday,0
13970730,Monday,0
13970801,Tuesday,0
13970802,Wednesday,0
13970803,Thursday,1
13970804,Friday,1
13970805,Saturday,0
13970806,Sunday,0
13970807,Monday,1
13970808,Tuesday,0
13970809,Wednesday,0
13970810,Thursday,1
13970811,Friday,1
13970812,Saturday,0
13970813,Sunday,0
13970814,Monday,0
13970815,Tuesday,1
13970816,Wednesday,1
13970817,Thursday,1
13970818,Friday,1
13970819,Saturday,0
13970820,Sunday,0
13970821,Monday,0
13970822,Tuesday,0
13970823,Wednesday,0
13970824,Thursday,1
13970825,Friday,1
13970826,Saturday,0
13970827,Sunday,0
13970828,Monday,0
13970829,Tuesday,0
13970830,Wednesday,0
13970901,Thursday,1
13970902,Friday,1
13970903,Saturday,1
13970904,Sunday,0
13970905,Monday,0
13970906,Tuesday,0
13970907,Wednesday,0
13970908,Thursday,1
13970909,Friday,1
13970910,Saturday,0
13970911,Sunday,0
13970912,Monday,0
13970913,Tuesday,0
13970914,Wednesday,0
13970915,Thursday,1
13970916,Friday,1
13970917,Saturday,0
13970918,Sunday,0
13970919,Monday,0
13970920,Tuesday,0
13970921,Wednesday,0
13970922,Thursday,1
13970923,Friday,1
13970924,Saturday,0
13970925,Sunday,0
13970926,Monday,0
13970927,Tuesday,0
13970928,Wednesday,0
13970929,Thursday,1
13970930,Friday,1
13971001,Saturday,0
13971002,Sunday,0
13971003,Monday,0
13971004,Tuesday,0
13971005,Wednesday,0
13971006,Thursday,1
13971007,Friday,1
13971008,Saturday,0
13971009,Sunday,0
13971010,Monday,0
13971011,Tuesday,0
13971012,Wednesday,0
13971013,Thursday,1
13971014,Friday,1
13971015,Saturday,0
13971016,Sunday,0
13971017,Monday,0
13971018,Tuesday,0
13971019,Wednesday,0
13971020,Thursday,1
13971021,Friday,1
13971022,Saturday,0
13971023,Sunday,0
13971024,Monday,0
13971025,Tuesday,0
13971026,Wednesday,0
13971027,Thursday,1
13971028,Friday,1
13971029,Saturday,0
13971030,Sunday,0
13971101,Monday,0
13971102,Tuesday,0
13971103,Wednesday,0
13971104,Thursday,1
13971105,Friday,1
13971106,Saturday,0
13971107,Sunday,0
13971108,Monday,0
13971109,Tuesday,0
13971110,Wednesday,0
13971111,Thursday,1
13971112,Friday,1
13971113,Saturday,0
13971114,Sunday,0
13971115,Monday,0
13971116,Tuesday,0
13971117,Wednesday,0
13971118,Thursday,1
13971119,Friday,1
13971120,Saturday,0
13971121,Sunday,0
13971122,Monday,1
13971123,Tuesday,0
13971124,Wednesday,0
13971125,Thursday,1
13971126,Friday,1
13971127,Saturday,0
13971128,Sunday,0
13971129,Monday,0
13971130,Tuesday,0
13971201,Wednesday,0
13971202,Thursday,1
13971203,Friday,1
13971204,Saturday,0
13971205,Sunday,0
13971206,Monday,0
13971207,Tuesday,0
13971208,Wednesday,0
13971209,Thursday,1
13971210,Friday,1
13971211,Saturday,0
13971212,Sunday,0
13971213,Monday,0
13971214,Tuesday,0
13971215,Wednesday,0
13971216,Thursday,1
13971217,Friday,1
13971218,Saturday,0
13971219,Sunday,0
13971220,Monday,0
13971221,Tuesday,0
13971222,Wednesday,0
13971223,Thursday,1
13971224,Friday,1
13971225,Saturday,0
13971226,Sunday,0
13971227,Monday,1
13971228,Tuesday,1
13971229,Wednesday,1
13980101,Thursday,1
13980102,Friday,1
13980103,Saturday,1
13980104,Sunday,1
13980105,Monday,0
13980106,Tuesday,0
13980107,Wednesday,0
13980108,Thursday,1
13980109,Friday,1
13980110,Saturday,0
13980111,Sunday,0
13980112,Monday,1
13980113,Tuesday,1
13980114,Wednesday,1
13980115,Thursday,1
13980116,Friday,1
13980117,Saturday,0
13980118,Sunday,0
13980119,Monday,0
13980120,Tuesday,0
13980121,Wednesday,0
13980122,Thursday,1
13980123,Friday,1
13980124,Saturday,0
13980125,Sunday,0
13980126,Monday,0
13980127,Tuesday,0
13980128,Wednesday,0
13980129,Thursday,1
13980130,Friday,1
13980131,Saturday,1
13980201,Sunday,0
13980202,Monday,0
13980203,Tuesday,0
13980204,Wednesday,0
13980205,Thursday,1
13980206,Friday,1
13980207,Saturday,0
13980208,Sunday,0
13980209,Monday,0
13980210,Tuesday,0
13980211,Wednesday,0
13980212,Thursday,1
13980213,Friday,1
13980214,Saturday,0
13980215,Sunday,0
13980216,Monday,0
13980217,Tuesday,0
13980218,Wednesday,0
13980219,Thursday,1
13980220,Friday,1
13980221,Saturday,0
13980222,Sunday,0
13980223,Monday,0
13980224,Tuesday,0
13980225,Wednesday,0
13980226,Thursday,1
13980227,Friday,1
13980228,Saturday,0
13980229,Sunday,0
13980230,Monday,0
13980231,Tuesday,0
13980301,Wednesday,0
13980302,Thursday,1
13980303,Friday,1
13980304,Saturday,1
13980305,Sunday,0
13980306,Monday,0
13980307,Tuesday,0
13980308,Wednesday,0
13980309,Thursday,1
13980310,Friday,1
13980311,Saturday,0
13980312,Sunday,0
13980313,Monday,1
13980314,Tuesday,1
13980315,Wednesday,1
13980316,Thursday,1
13980317,Friday,1
13980318,Saturday,0
13980319,Sunday,0
13980320,Monday,0
13980321,Tuesday,0
13980322,Wednesday,0
13980323,Thursday,1
13980324,Friday,1
13980325,Saturday,0
13980326,Sunday,0
13980327,Monday,0
13980328,Tuesday,0
13980329,Wednesday,0
13980330,Thursday,1
13980331,Friday,1
13980401,Saturday,0
13980402,Sunday,0
13980403,Monday,0
13980404,Tuesday,0
13980405,Wednesday,0
13980406,Thursday,1
13980407,Friday,1
13980408,Saturday,0
13980409,Sunday,0
13980410,Monday,0
13980411,Tuesday,0
13980412,Wednesday,0
13980413,Thursday,1
13980414,Friday,1
13980415,Saturday,0
13980416,Sunday,0
13980417,Monday,0
13980418,Tuesday,0
13980419,Wednesday,0
13980420,Thursday,1
13980421,Friday,1
13980422,Saturday,0
13980423,Sunday,0
13980424,Monday,0
13980425,Tuesday,0
13980426,Wednesday,0
13980427,Thursday,1
13980428,Friday,1
13980429,Saturday,0
13980430,Sunday,0
13980431,Monday,0
13980501,Tuesday,0
13980502,Wednesday,0
13980503,Thursday,1
13980504,Friday,1
13980505,Saturday,0
13980506,Sunday,0
13980507,Monday,0
13980508,Tuesday,0
13980509,Wednesday,0
13980510,Thursday,1
13980511,Friday,1
13980512,Saturday,0
13980513,Sunday,0
13980514,Monday,0
13980515,Tuesday,0
13980516,Wednesday,0
13980517,Thursday,1
13980518,Friday,1
13980519,Saturday,1
13980520,Sunday,0
13980521,Monday,0
13980522,Tuesday,0
13980523,Wednesday,0
13980524,Thursday,1
13980525,Friday,1
13980526,Saturday,0
13980527,Sunday,1
13980528,Monday,0
13980529,Tuesday,0
13980530,Wednesday,0
13980531,Thursday,1
13980601,Friday,1
13980602,Saturday,0
13980603,Sunday,0
13980604,Monday,0
13980605,Tuesday,0
13980606,Wednesday,0
13980607,Thursday,1
13980608,Friday,1
13980609,Saturday,0
13980610,Sunday,0
13980611,Monday,0
13980612,Tuesday,0
13980613,Wednesday,0
13980614,Thursday,1
13980615,Friday,1
13980616,Saturday,0
13980617,Sunday,1
13980618,Monday,1
13980619,Tuesday,0
13980620,Wednesday,0
13980621,Thursday,1
13980622,Friday,1
13980623,Saturday,0
13980624,Sunday,0
13980625,Monday,0
13980626,Tuesday,0
13980627,Wednesday,0
13980628,Thursday,1
13980629,Friday,1
13980630,Saturday,0
13980631,Sunday,0
13980701,Monday,0
13980702,Tuesday,0
13980703,Wednesday,0
13980704,Thursday,1
13980705,Friday,1
13980706,Saturday,0
13980707,Sunday,0
13980708,Monday,0
13980709,Tuesday,0
13980710,Wednesday,0
13980711,Thursday,1
13980712,Friday,1
13980713,Saturday,0
13980714,Sunday,0
13980715,Monday,0
13980716,Tuesday,0
13980717,Wednesday,0
13980718,Thursday,1
13980719,Friday,1
13980720,Saturday,0
13980721,Sunday,0
13980722,Monday,0
13980723,Tuesday,0
13980724,Wednesday,0
13980725,Thursday,1
13980726,Friday,1
13980727,Saturday,1
13980728,Sunday,0
13980729,Monday,0
13980730,Tuesday,0
13980801,Wednesday,0
13980802,Thursday,1
13980803,Friday,1
13980804,Saturday,0
13980805,Sunday,1
13980806,Monday,1
13980807,Tuesday,0
13980808,Wednesday,0
13980809,Thursday,1
13980810,Friday,1
13980811,Saturday,0
13980812,Sunday,0
13980813,Monday,0
13980814,Tuesday,1
13980815,Wednesday,0
13980816,Thursday,1
13980817,Friday,1
13980818,Saturday,0
13980819,Sunday,0
13980820,Monday,0
13980821,Tuesday,0
13980822,Wednesday,0
13980823,Thursday,1
13980824,Friday,1
13980825,Saturday,0
13980826,Sunday,0
13980827,Monday,0
13980828,Tuesday,0
13980829,Wednesday,0
13980830,Thursday,1
13980901,Friday,1
13980902,Saturday,0
13980903,Sunday,0
13980904,Monday,0
13980905,Tuesday,0
13980906,Wednesday,0
13980907,Thursday,1
13980908,Friday,1
13980909,Saturday,0
13980910,Sunday,0
13980911,Monday,0
13980912,Tuesday,0
13980913,Wednesday,0
13980914,Thursday,1
13980915,Friday,1
13980916,Saturday,0
13980917,Sunday,0
13980918,Monday,0
13980919,Tuesday,0
13980920,Wednesday,0
13980921,Thursday,1
13980922,Friday,1
13980923,Saturday,0
13980924,Sunday,0
13980925,Monday,0
13980926,Tuesday,0
13980927,Wednesday,0
13980928,Thursday,1
13980929,Friday,1
13980930,Saturday,0
13981001,Sunday,0
13981002,Monday,0
13981003,Tuesday,0
13981004,Wednesday,0
13981005,Thursday,1
13981006,Friday,1
13981007,Saturday,0
13981008,Sunday,0
13981009,Monday,0
13981010,Tuesday,0
13981011,Wednesday,0
13981012,Thursday,1
13981013,Friday,1
13981014,Saturday,0
13981015,Sunday,0
13981016,Monday,0
13981017,Tuesday,0
13981018,Wednesday,0
13981019,Thursday,1
13981020,Friday,1
13981021,Saturday,0
13981022,Sunday,0
13981023,Monday,0
13981024,Tuesday,0
13981025,Wednesday,0
13981026,Thursday,1
13981027,Friday,1
13981028,Saturday,0
13981029,Sunday,0
13981030,Monday,0
13981101,Tuesday,0
13981102,Wednesday,0
13981103,Thursday,1
13981104,Friday,1
13981105,Saturday,0
13981106,Sunday,0
13981107,Monday,0
13981108,Tuesday,0
13981109,Wednesday,1
13981110,Thursday,1
13981111,Friday,1
13981112,Saturday,0
13981113,Sunday,0
13981114,Monday,0
13981115,Tuesday,0
13981116,Wednesday,0
13981117,Thursday,1
13981118,Friday,1
13981119,Saturday,0
13981120,Sunday,0
13981121,Monday,0
13981122,Tuesday,1
13981123,Wednesday,0
13981124,Thursday,1
13981125,Friday,1
13981126,Saturday,0
13981127,Sunday,0
13981128,Monday,0
13981129,Tuesday,0
13981130,Wednesday,0
13981201,Thursday,1
13981202,Friday,1
13981203,Saturday,0
13981204,Sunday,0
13981205,Monday,0
13981206,Tuesday,0
13981207,Wednesday,0
13981208,Thursday,1
13981209,Friday,1
13981210,Saturday,0
13981211,Sunday,0
13981212,Monday,0
13981213,Tuesday,0
13981214,Wednesday,0
13981215,Thursday,1
13981216,Friday,1
13981217,Saturday,0
13981218,Sunday,1
13981219,Monday,0
13981220,Tuesday,0
13981221,Wednesday,0
13981222,Thursday,1
13981223,Friday,1
13981224,Saturday,0
13981225,Sunday,0
13981226,Monday,0
13981227,Tuesday,1
13981228,Wednesday,1
13981229,Thursday,1
13990101,Friday,1
13990102,Saturday,1
13990103,Sunday,1
13990104,Monday,1
13990105,Tuesday,0
13990106,Wednesday,0
13990107,Thursday,1
13990108,Friday,1
13990109,Saturday,0
13990110,Sunday,0
13990111,Monday,0
13990112,Tuesday,1
13990113,Wednesday,1
13990114,Thursday,1
13990115,Friday,1
13990116,Saturday,0
13990117,Sunday,0
13990118,Monday,0
13990119,Tuesday,0
13990120,Wednesday,1
13990121,Thursday,1
13990122,Friday,1
13990123,Saturday,0
13990124,Sunday,0
13990125,Monday,0
13990126,Tuesday,0
13990127,Wednesday,0
13990128,Thursday,1
13990129,Friday,1
13990130,Saturday,0
13990131,Sunday,0
13990201,Monday,0
13990202,Tuesday,0
13990203,Wednesday,0
13990204,Thursday,1
13990205,Friday,1
13990206,Saturday,0
13990207,Sunday,0
13990208,Monday,0
13990209,Tuesday,0
13990210,Wednesday,0
13990211,Thursday,1
13990212,Friday,1
13990213,Saturday,0
13990214,Sunday,0
13990215,Monday,0
13990216,Tuesday,0
13990217,Wednesday,0
13990218,Thursday,1
13990219,Friday,1
13990220,Saturday,0
13990221,Sunday,0
13990222,Monday,0
13990223,Tuesday,0
13990224,Wednesday,1
13990225,Thursday,1
13990226,Friday,1
13990227,Saturday,0
13990228,Sunday,0
13990229,Monday,0
13990230,Tuesday,0
13990231,Wednesday,0
13990301,Thursday,1
13990302,Friday,1
13990303,Saturday,1
13990304,Sunday,0
13990305,Monday,0
13990306,Tuesday,0
13990307,Wednesday,0
13990308,Thursday,1
13990309,Friday,1
13990310,Saturday,0
13990311,Sunday,0
13990312,Monday,0
13990313,Tuesday,0
13990314,Wednesday,1
13990315,Thursday,1
13990316,Friday,1
13990317,Saturday,0
13990318,Sunday,0
13990319,Monday,0
13990320,Tuesday,0
13990321,Wednesday,0
13990322,Thursday,1
13990323,Friday,1
13990324,Saturday,0
13990325,Sunday,0
13990326,Monday,1
13990327,Tuesday,0
13990328,Wednesday,0
13990329,Thursday,1
13990330,Friday,1
13990331,Saturday,0
13990401,Sunday,0
13990402,Monday,0
13990403,Tuesday,0
13990404,Wednesday,0
13990405,Thursday,1
13990406,Friday,1
13990407,Saturday,0
13990408,Sunday,0
13990409,Monday,0
13990410,Tuesday,0
13990411,Wednesday,0
13990412,Thursday,1
13990413,Friday,1
13990414,Saturday,0
13990415,Sunday,0
13990416,Monday,0
13990417,Tuesday,0
13990418,Wednesday,0
13990419,Thursday,1
13990420,Friday,1
13990421,Saturday,0
13990422,Sunday,0
13990423,Monday,0
13990424,Tuesday,0
13990425,Wednesday,0
13990426,Thursday,1
13990427,Friday,1
13990428,Saturday,0
13990429,Sunday,0
13990430,Monday,0
13990431,Tuesday,0
13990501,Wednesday,0
13990502,Thursday,1
13990503,Friday,1
13990504,Saturday,0
13990505,Sunday,0
13990506,Monday,0
13990507,Tuesday,0
13990508,Wednesday,1
13990509,Thursday,1
13990510,Friday,1
13990511,Saturday,0
13990512,Sunday,0
13990513,Monday,0
13990514,Tuesday,0
13990515,Wednesday,0
13990516,Thursday,1
13990517,Friday,1
13990518,Saturday,0
13990519,Sunday,0
13990520,Monday,0
13990521,Tuesday,0
13990522,Wednesday,0
13990523,Thursday,1
13990524,Friday,1
13990525,Saturday,0
13990526,Sunday,0
13990527,Monday,0
13990528,Tuesday,0
13990529,Wednesday,0
13990530,Thursday,1
13990531,Friday,1
13990601,Saturday,0
13990602,Sunday,0
13990603,Monday,0
13990604,Tuesday,0
13990605,Wednesday,0
13990606,Thursday,1
13990607,Friday,1
13990608,Saturday,0
13990609,Sunday,0
13990610,Monday,0
13990611,Tuesday,0
13990612,Wednesday,0
13990613,Thursday,1
13990614,Friday,1
13990615,Saturday,0
13990616,Sunday,0
13990617,Monday,0
13990618,Tuesday,0
13990619,Wednesday,0
13990620,Thursday,1
13990621,Friday,1
13990622,Saturday,0
13990623,Sunday,0
13990624,Monday,0
13990625,Tuesday,0
13990626,Wednesday,0
13990627,Thursday,1
13990628,Friday,1
13990629,Saturday,0
13990630,Sunday,0
13990631,Monday,0
13990701,Tuesday,0
13990702,Wednesday,0
13990703,Thursday,1
13990704,Friday,1
13990705,Saturday,0
13990706,Sunday,0
13990707,Monday,0
13990708,Tuesday,0
13990709,Wednesday,0
13990710,Thursday,1
13990711,Friday,1
13990712,Saturday,0
13990713,Sunday,0
13990714,Monday,0
13990715,Tuesday,0
13990716,Wednesday,1
13990717,Thursday,1
13990718,Friday,1
13990719,Saturday,0
13990720,Sunday,0
13990721,Monday,0
13990722,Tuesday,0
13990723,Wednesday,0
13990724,Thursday,1
13990725,Friday,1
13990726,Saturday,0
13990727,Sunday,0
13990728,Monday,0
13990729,Tuesday,0
13990730,Wednesday,0
13990801,Thursday,1
13990802,Friday,1
13990803,Saturday,1
13990804,Sunday,0
13990805,Monday,0
13990806,Tuesday,0
13990807,Wednesday,0
13990808,Thursday,1
13990809,Friday,1
13990810,Saturday,0
13990811,Sunday,0
13990812,Monday,1
13990813,Tuesday,0
13990814,Wednesday,0
13990815,Thursday,1
13990816,Friday,1
13990817,Saturday,0
13990818,Sunday,0
13990819,Monday,0
13990820,Tuesday,0
13990821,Wednesday,0
13990822,Thursday,1
13990823,Friday,1
13990824,Saturday,0
13990825,Sunday,0
13990826,Monday,0
13990827,Tuesday,0
13990828,Wednesday,0
13990829,Thursday,1
13990830,Friday,1
13990901,Saturday,0
13990902,Sunday,0
13990903,Monday,0
13990904,Tuesday,0
13990905,Wednesday,0
13990906,Thursday,1
13990907,Friday,1
13990908,Saturday,0
13990909,Sunday,0
13990910,Monday,0
13990911,Tuesday,0
13990912,Wednesday,0
13990913,Thursday,1
13990914,Friday,1
13990915,Saturday,0
13990916,Sunday,0
13990917,Monday,0
13990918,Tuesday,0
13990919,Wednesday,0
13990920,Thursday,1
13990921,Friday,1
13990922,Saturday,0
13990923,Sunday,0
13990924,Monday,0
13990925,Tuesday,0
13990926,Wednesday,0
13990927,Thursday,1
13990928,Friday,1
13990929,Saturday,0
13990930,Sunday,0
13991001,Monday,0
13991002,Tuesday,0
13991003,Wednesday,0
13991004,Thursday,1
13991005,Friday,1
13991006,Saturday,0
13991007,Sunday,0
13991008,Monday,0
13991009,Tuesday,0
13991010,Wednesday,0
13991011,Thursday,1
13991012,Friday,1
13991013,Saturday,0
13991014,Sunday,0
13991015,Monday,0
13991016,Tuesday,0
13991017,Wednesday,0
13991018,Thursday,1
13991019,Friday,1
13991020,Saturday,0
13991021,Sunday,0
13991022,Monday,0
13991023,Tuesday,0
13991024,Wednesday,0
13991025,Thursday,1
13991026,Friday,1
13991027,Saturday,0
13991028,Sunday,1
13991029,Monday,0
13991030,Tuesday,0
13991101,Wednesday,0
13991102,Thursday,1
13991103,Friday,1
13991104,Saturday,0
13991105,Sunday,0
13991106,Monday,0
13991107,Tuesday,0
13991108,Wednesday,0
13991109,Thursday,1
13991110,Friday,1
13991111,Saturday,0
13991112,Sunday,0
13991113,Monday,0
13991114,Tuesday,0
13991115,Wednesday,0
13991116,Thursday,1
13991117,Friday,1
13991118,Saturday,0
13991119,Sunday,0
13991120,Monday,0
13991121,Tuesday,0
13991122,Wednesday,1
13991123,Thursday,1
13991124,Friday,1
13991125,Saturday,0
13991126,Sunday,0
13991127,Monday,0
13991128,Tuesday,0
13991129,Wednesday,0
13991130,Thursday,1
13991201,Friday,1
13991202,Saturday,0
13991203,Sunday,0
13991204,Monday,0
13991205,Tuesday,0
13991206,Wednesday,0
13991207,Thursday,1
13991208,Friday,1
13991209,Saturday,0
13991210,Sunday,0
13991211,Monday,0
13991212,Tuesday,0
13991213,Wednesday,0
13991214,Thursday,1
13991215,Friday,1
13991216,Saturday,0
13991217,Sunday,0
13991218,Monday,0
13991219,Tuesday,0
13991220,Wednesday,0
13991221,Thursday,1
13991222,Friday,1
13991223,Saturday,0
13991224,Sunday,0
13991225,Monday,0
13991226,Tuesday,0
13991227,Wednesday,1
13991228,Thursday,1
13991229,Friday,1
13991230,Saturday,1
14000101,Sunday,1
14000102,Monday,1
14000103,Tuesday,1
14000104,Wednesday,1
14000105,Thursday,1
14000106,Friday,1
14000107,Saturday,0
14000108,Sunday,0
14000109,Monday,1
14000110,Tuesday,0
14000111,Wednesday,0
14000112,Thursday,1
14000113,Friday,1
14000114,Saturday,0
14000115,Sunday,0
14000116,Monday,0
14000117,Tuesday,0
14000118,Wednesday,0
14000119,Thursday,1
14000120,Friday,1
14000121,Saturday,0
14000122,Sunday,0
14000123,Monday,0
14000124,Tuesday,0
14000125,Wednesday,0
14000126,Thursday,1
14000127,Friday,1
14000128,Saturday,0
14000129,Sunday,0
14000130,Monday,0
14000131,Tuesday,0
14000201,Wednesday,0
14000202,Thursday,1
14000203,Friday,1
14000204,Saturday,0
14000205,Sunday,0
14000206,Monday,0
14000207,Tuesday,0
14000208,Wednesday,0
14000209,Thursday,1
14000210,Friday,1
14000211,Saturday,0
14000212,Sunday,0
14000213,Monday,1
14000214,Tuesday,0
14000215,Wednesday,0
14000216,Thursday,1
14000217,Friday,1
14000218,Saturday,0
14000219,Sunday,0
14000220,Monday,0
14000221,Tuesday,0
14000222,Wednesday,1
14000223,Thursday,1
14000224,Friday,1
14000225,Saturday,0
14000226,Sunday,0
14000227,Monday,0
14000228,Tuesday,0
14000229,Wednesday,0
14000230,Thursday,1
14000231,Friday,1
14000301,Saturday,0
14000302,Sunday,0
14000303,Monday,0
14000304,Tuesday,0
14000305,Wednesday,0
14000306,Thursday,1
14000307,Friday,1
14000308,Saturday,0
14000309,Sunday,0
14000310,Monday,0
14000311,Tuesday,0
14000312,Wednesday,0
14000313,Thursday,1
14000314,Friday,1
14000315,Saturday,1
14000316,Sunday,0
14000317,Monday,0
14000318,Tuesday,0
14000319,Wednesday,0
14000320,Thursday,1
14000321,Friday,1
14000322,Saturday,0
14000323,Sunday,0
14000324,Monday,0
14000325,Tuesday,0
14000326,Wednesday,0
14000327,Thursday,1
14000328,Friday,1
14000329,Saturday,0
14000330,Sunday,0
14000331,Monday,0
14000401,Tuesday,0
14000402,Wednesday,0
14000403,Thursday,1
14000404,Friday,1
14000405,Saturday,0
14000406,Sunday,0
14000407,Monday,0
14000408,Tuesday,0
14000409,Wednesday,0
14000410,Thursday,1
14000411,Friday,1
14000412,Saturday,0
14000413,Sunday,0
14000414,Monday,0
14000415,Tuesday,0
14000416,Wednesday,0
14000417,Thursday,1
14000418,Friday,1
14000419,Saturday,0
14000420,Sunday,0
14000421,Monday,0
14000422,Tuesday,0
14000423,Wednesday,0
14000424,Thursday,1
14000425,Friday,1
14000426,Saturday,0
14000427,Sunday,0
14000428,Monday,1
14000429,Tuesday,0
14000430,Wednesday,0
14000431,Thursday,1
14000501,Friday,1
14000502,Saturday,0
14000503,Sunday,0
14000504,Monday,0
14000505,Tuesday,1
14000506,Wednesday,0
14000507,Thursday,1
14000508,Friday,1
14000509,Saturday,0
14000510,Sunday,0
14000511,Monday,0
14000512,Tuesday,0
14000513,Wednesday,0
14000514,Thursday,1
14000515,Friday,1
14000516,Saturday,0
14000517,Sunday,0
14000518,Monday,0
14000519,Tuesday,0
14000520,Wednesday,0
14000521,Thursday,1
14000522,Friday,1
14000523,Saturday,0
14000524,Sunday,0
14000525,Monday,1
14000526,Tuesday,1
14000527,Wednesday,0
14000528,Thursday,1
14000529,Friday,1
14000530,Saturday,0
14000531,Sunday,0
14000601,Monday,0
14000602,Tuesday,0
14000603,Wednesday,0
14000604,Thursday,1
14000605,Friday,1
14000606,Saturday,0
14000607,Sunday,0
14000608,Monday,0
14000609,Tuesday,0
14000610,Wednesday,0
14000611,Thursday,1
14000612,Friday,1
14000613,Saturday,0
14000614,Sunday,0
14000615,Monday,0
14000616,Tuesday,0
14000617,Wednesday,0
14000618,Thursday,1
14000619,Friday,1
14000620,Saturday,0
14000621,Sunday,0
14000622,Monday,0
14000623,Tuesday,0
14000624,Wednesday,0
14000625,Thursday,1
14000626,Friday,1
14000627,Saturday,0
14000628,Sunday,0
14000629,Monday,0
14000630,Tuesday,0
14000631,Wednesday,0
14000701,Thursday,1
14000702,Friday,1
14000703,Saturday,0
14000704,Sunday,1
14000705,Monday,0
14000706,Tuesday,0
14000707,Wednesday,0
14000708,Thursday,1
14000709,Friday,1
14000710,Saturday,0
14000711,Sunday,0
14000712,Monday,1
14000713,Tuesday,0
14000714,Wednesday,1
14000715,Thursday,1
14000716,Friday,1
14000717,Saturday,0
14000718,Sunday,0
14000719,Monday,0
14000720,Tuesday,0
14000721,Wednesday,0
14000722,Thursday,1
14000723,Friday,1
14000724,Saturday,0
14000725,Sunday,0
14000726,Monday,0
14000727,Tuesday,0
14000728,Wednesday,0
14000729,Thursday,1
14000730,Friday,1
14000801,Saturday,1
14000802,Sunday,0
14000803,Monday,0
14000804,Tuesday,0
14000805,Wednesday,0
14000806,Thursday,1
14000807,Friday,1
14000808,Saturday,0
14000809,Sunday,0
14000810,Monday,0
14000811,Tuesday,0
14000812,Wednesday,0
14000813,Thursday,1
14000814,Friday,1
14000815,Saturday,0
14000816,Sunday,0
14000817,Monday,0
14000818,Tuesday,0
14000819,Wednesday,0
14000820,Thursday,1
14000821,Friday,1
14000822,Saturday,0
14000823,Sunday,0
14000824,Monday,0
14000825,Tuesday,0
14000826,Wednesday,0
14000827,Thursday,1
14000828,Friday,1
14000829,Saturday,0
14000830,Sunday,0
14000901,Monday,0
14000902,Tuesday,0
14000903,Wednesday,0
14000904,Thursday,1
14000905,Friday,1
14000906,Saturday,0
14000907,Sunday,0
14000908,Monday,0
14000909,Tuesday,0
14000910,Wednesday,0
14000911,Thursday,1
14000912,Friday,1
14000913,Saturday,0
14000914,Sunday,0
14000915,Monday,0
14000916,Tuesday,0
14000917,Wednesday,0
14000918,Thursday,1
14000919,Friday,1
14000920,Saturday,0
14000921,Sunday,0
14000922,Monday,0
14000923,Tuesday,0
14000924,Wednesday,0
14000925,Thursday,1
14000926,Friday,1
14000927,Saturday,0
14000928,Sunday,0
14000929,Monday,0
14000930,Tuesday,0
14001001,Wednesday,0
14001002,Thursday,1
14001003,Friday,1
14001004,Saturday,0
14001005,Sunday,0
14001006,Monday,0
14001007,Tuesday,0
14001008,Wednesday,0
14001009,Thursday,1
14001010,Friday,1
14001011,Saturday,0
14001012,Sunday,0
14001013,Monday,0
14001014,Tuesday,0
14001015,Wednesday,0
14001016,Thursday,1
14001017,Friday,1
14001018,Saturday,0
14001019,Sunday,0
14001020,Monday,0
14001021,Tuesday,0
14001022,Wednesday,0
14001023,Thursday,1
14001024,Friday,1
14001025,Saturday,0
14001026,Sunday,0
14001027,Monday,0
14001028,Tuesday,0
14001029,Wednesday,0
14001030,Thursday,1
14001101,Friday,1
14001102,Saturday,0
14001103,Sunday,0
14001104,Monday,0
14001105,Tuesday,0
14001106,Wednesday,0
14001107,Thursday,1
14001108,Friday,1
14001109,Saturday,0
14001110,Sunday,0
14001111,Monday,0
14001112,Tuesday,0
14001113,Wednesday,0
14001114,Thursday,1
14001115,Friday,1
14001116,Saturday,0
14001117,Sunday,0
14001118,Monday,0
14001119,Tuesday,0
14001120,Wednesday,0
14001121,Thursday,1
14001122,Friday,1
14001123,Saturday,0
14001124,Sunday,0
14001125,Monday,0
14001126,Tuesday,1
14001127,Wednesday,0
14001128,Thursday,1
14001129,Friday,1
14001130,Saturday,0
14001201,Sunday,0
14001202,Monday,0
14001203,Tuesday,0
14001204,Wednesday,0
14001205,Thursday,1
14001206,Friday,1
14001207,Saturday,0
14001208,Sunday,0
14001209,Monday,0
14001210,Tuesday,1
14001211,Wednesday,0
14001212,Thursday,1
14001213,Friday,1
14001214,Saturday,0
14001215,Sunday,0
14001216,Monday,0
14001217,Tuesday,0
14001218,Wednesday,0
14001219,Thursday,1
14001220,Friday,1
14001221,Saturday,0
14001222,Sunday,0
14001223,Monday,0
14001224,Tuesday,0
14001225,Wednesday,0
14001226,Thursday,1
14001227,Friday,1
14001228,Saturday,1
14001229,Sunday,1
14010101,Monday,1
14010102,Tuesday,1
14010103,Wednesday,1
14010104,Thursday,1
14010105,Friday,1
14010106,Saturday,0
14010107,Sunday,0
14010108,Monday,0
14010109,Tuesday,0
14010110,Wednesday,0
14010111,Thursday,1
14010112,Friday,1
14010113,Saturday,1
14010114,Sunday,0
14010115,Monday,0
14010116,Tuesday,0
14010117,Wednesday,0
14010118,Thursday,1
14010119,Friday,1
14010120,Saturday,0
14010121,Sunday,0
14010122,Monday,0
14010123,Tuesday,0
14010124,Wednesday,0
14010125,Thursday,1
14010126,Friday,1
14010127,Saturday,0
14010128,Sunday,0
14010129,Monday,0
14010130,Tuesday,0
14010131,Wednesday,0
14010201,Thursday,1
14010202,Friday,1
14010203,Saturday,1
14010204,Sunday,0
14010205,Monday,0
14010206,Tuesday,0
14010207,Wednesday,0
14010208,Thursday,1
14010209,Friday,1
14010210,Saturday,0
14010211,Sunday,0
14010212,Monday,1
14010213,Tuesday,1
14010214,Wednesday,0
14010215,Thursday,1
14010216,Friday,1
14010217,Saturday,0
14010218,Sunday,0
14010219,Monday,0
14010220,Tuesday,0
14010221,Wednesday,0
14010222,Thursday,1
14010223,Friday,1
14010224,Saturday,0
14010225,Sunday,0
14010226,Monday,0
14010227,Tuesday,0
14010228,Wednesday,0
14010229,Thursday,1
14010230,Friday,1
14010231,Saturday,0
14010301,Sunday,0
14010302,Monday,0
14010303,Tuesday,0
14010304,Wednesday,0
14010305,Thursday,1
14010306,Friday,1
14010307,Saturday,0
14010308,Sunday,0
14010309,Monday,0
14010310,Tuesday,0
14010311,Wednesday,0
14010312,Thursday,1
14010313,Friday,1
14010314,Saturday,1
14010315,Sunday,1
14010316,Monday,0
14010317,Tuesday,0
14010318,Wednesday,0
14010319,Thursday,1
14010320,Friday,1
14010321,Saturday,0
14010322,Sunday,0
14010323,Monday,0
14010324,Tuesday,0
14010325,Wednesday,0
14010326,Thursday,1
14010327,Friday,1
14010328,Saturday,0
14010329,Sunday,0
14010330,Monday,0
14010331,Tuesday,0
14010401,Wednesday,0
14010402,Thursday,1
14010403,Friday,1
14010404,Saturday,0
14010405,Sunday,0
14010406,Monday,0
14010407,Tuesday,0
14010408,Wednesday,0
14010409,Thursday,1
14010410,Friday,1
14010411,Saturday,0
14010412,Sunday,0
14010413,Monday,0
14010414,Tuesday,0
14010415,Wednesday,0
14010416,Thursday,1
14010417,Friday,1
14010418,Saturday,1
14010419,Sunday,0
14010420,Monday,0
14010421,Tuesday,0
14010422,Wednesday,0
14010423,Thursday,1
14010424,Friday,1
14010425,Saturday,0
14010426,Sunday,1
14010427,Monday,0
14010428,Tuesday,0
14010429,Wednesday,0
14010430,Thursday,1
14010431,Friday,1
14010501,Saturday,0
14010502,Sunday,0
14010503,Monday,0
14010504,Tuesday,0
14010505,Wednesday,0
14010506,Thursday,1
14010507,Friday,1
14010508,Saturday,0
14010509,Sunday,0
14010510,Monday,0
14010511,Tuesday,0
14010512,Wednesday,0
14010513,Thursday,1
14010514,Friday,1
14010515,Saturday,1
14010516,Sunday,1
14010517,Monday,0
14010518,Tuesday,0
14010519,Wednesday,0
14010520,Thursday,1
14010521,Friday,1
14010522,Saturday,0
14010523,Sunday,0
14010524,Monday,0
14010525,Tuesday,0
14010526,Wednesday,0
14010527,Thursday,1
14010528,Friday,1
14010529,Saturday,0
14010530,Sunday,0
14010531,Monday,0
14010601,Tuesday,0
14010602,Wednesday,0
14010603,Thursday,1
14010604,Friday,1
14010605,Saturday,0
14010606,Sunday,0
14010607,Monday,0
14010608,Tuesday,0
14010609,Wednesday,0
14010610,Thursday,1
14010611,Friday,1
14010612,Saturday,0
14010613,Sunday,0
14010614,Monday,0
14010615,Tuesday,0
14010616,Wednesday,0
14010617,Thursday,1
14010618,Friday,1
14010619,Saturday,0
14010620,Sunday,0
14010621,Monday,0
14010622,Tuesday,0
14010623,Wednesday,0
14010624,Thursday,1
14010625,Friday,1
14010626,Saturday,0
14010627,Sunday,0
14010628,Monday,0
14010629,Tuesday,0
14010630,Wednesday,0
14010631,Thursday,1
14010701,Friday,1
14010702,Saturday,1
14010703,Sunday,0
14010704,Monday,1
14010705,Tuesday,0
14010706,Wednesday,0
14010707,Thursday,1
14010708,Friday,1
14010709,Saturday,0
14010710,Sunday,0
14010711,Monday,0
14010712,Tuesday,1
14010713,Wednesday,0
14010714,Thursday,1
14010715,Friday,1
14010716,Saturday,0
14010717,Sunday,0
14010718,Monday,0
14010719,Tuesday,0
14010720,Wednesday,0
14010721,Thursday,1
14010722,Friday,1
14010723,Saturday,0
14010724,Sunday,0
14010725,Monday,0
14010726,Tuesday,0
14010727,Wednesday,0
14010728,Thursday,1
14010729,Friday,1
14010730,Saturday,0
14010801,Sunday,0
14010802,Monday,0
14010803,Tuesday,0
14010804,Wednesday,0
14010805,Thursday,1
14010806,Friday,1
14010807,Saturday,0
14010808,Sunday,0
14010809,Monday,0
14010810,Tuesday,0
14010811,Wednesday,0
14010812,Thursday,1
14010813,Friday,1
14010814,Saturday,0
14010815,Sunday,0
14010816,Monday,0
14010817,Tuesday,0
14010818,Wednesday,0
14010819,Thursday,1
14010820,Friday,1
14010821,Saturday,0
14010822,Sunday,0
14010823,Monday,0
14010824,Tuesday,0
14010825,Wednesday,0
14010826,Thursday,1
14010827,Friday,1
14010828,Saturday,0
14010829,Sunday,0
14010830,Monday,0
14010901,Tuesday,0
14010902,Wednesday,0
14010903,Thursday,1
14010904,Friday,1
14010905,Saturday,0
14010906,Sunday,0
14010907,Monday,0
14010908,Tuesday,0
14010909,Wednesday,0
14010910,Thursday,1
14010911,Friday,1
14010912,Saturday,0
14010913,Sunday,0
14010914,Monday,0
14010915,Tuesday,0
14010916,Wednesday,0
14010917,Thursday,1
14010918,Friday,1
14010919,Saturday,0
14010920,Sunday,0
14010921,Monday,0
14010922,Tuesday,0
14010923,Wednesday,0
14010924,Thursday,1
14010925,Friday,1
14010926,Saturday,0
14010927,Sunday,0
14010928,Monday,0
14010929,Tuesday,0
14010930,Wednesday,0
14011001,Thursday,1
14011002,Friday,1
14011003,Saturday,0
14011004,Sunday,0
14011005,Monday,0
14011006,Tuesday,1
14011007,Wednesday,0
14011008,Thursday,1
14011009,Friday,1
14011010,Saturday,0
14011011,Sunday,0
14011012,Monday,0
14011013,Tuesday,0
14011014,Wednesday,0
14011015,Thursday,1
14011016,Friday,1
14011017,Saturday,0
14011018,Sunday,0
14011019,Monday,0
14011020,Tuesday,0
14011021,Wednesday,0
14011022,Thursday,1
14011023,Friday,1
14011024,Saturday,0
14011025,Sunday,0
14011026,Monday,0
14011027,Tuesday,0
14011028,Wednesday,0
14011029,Thursday,1
14011030,Friday,1
14011101,Saturday,0
14011102,Sunday,0
14011103,Monday,0
14011104,Tuesday,0
14011105,Wednesday,0
14011106,Thursday,1
14011107,Friday,1
14011108,Saturday,0
14011109,Sunday,0
14011110,Monday,0
14011111,Tuesday,0
14011112,Wednesday,0
14011113,Thursday,1
14011114,Friday,1
14011115,Saturday,0
14011116,Sunday,1
14011117,Monday,0
14011118,Tuesday,0
14011119,Wednesday,0
14011120,Thursday,1
14011121,Friday,1
14011122,Saturday,1
14011123,Sunday,0
14011124,Monday,0
14011125,Tuesday,0
14011126,Wednesday,0
14011127,Thursday,1
14011128,Friday,1
14011129,Saturday,0
14011130,Sunday,1
14011201,Monday,0
14011202,Tuesday,0
14011203,Wednesday,0
14011204,Thursday,1
14011205,Friday,1
14011206,Saturday,0
14011207,Sunday,0
14011208,Monday,0
14011209,Tuesday,0
14011210,Wednesday,0
14011211,Thursday,1
14011212,Friday,1
14011213,Saturday,0
14011214,Sunday,0
14011215,Monday,0
14011216,Tuesday,0
14011217,Wednesday,1
14011218,Thursday,1
14011219,Friday,1
14011220,Saturday,0
14011221,Sunday,0
14011222,Monday,0
14011223,Tuesday,0
14011224,Wednesday,0
14011225,Thursday,1
14011226,Friday,1
14011227,Saturday,1
14011228,Sunday,1
14011229,Monday,1
14020101,Tuesday,1
14020102,Wednesday,1
14020103,Thursday,1
14020104,Friday,1
14020105,Saturday,0
14020106,Sunday,0
14020107,Monday,0
14020108,Tuesday,0
14020109,Wednesday,0
14020110,Thursday,1
14020111,Friday,1
14020112,Saturday,1
14020113,Sunday,1
14020114,Monday,0
14020115,Tuesday,0
14020116,Wednesday,0
14020117,Thursday,1
14020118,Friday,1
14020119,Saturday,0
14020120,Sunday,0
14020121,Monday,0
14020122,Tuesday,0
14020123,Wednesday,1
14020124,Thursday,1
14020125,Friday,1
14020126,Saturday,0
14020127,Sunday,0
14020128,Monday,0
14020129,Tuesday,0
14020130,Wednesday,0
14020131,Thursday,1
14020201,Friday,1
14020202,Saturday,1
14020203,Sunday,0
14020204,Monday,0
14020205,Tuesday,0
14020206,Wednesday,0
14020207,Thursday,1
14020208,Friday,1
14020209,Saturday,0
14020210,Sunday,0
14020211,Monday,0
14020212,Tuesday,0
14020213,Wednesday,0
14020214,Thursday,1
14020215,Friday,1
14020216,Saturday,0
14020217,Sunday,0
14020218,Monday,0
14020219,Tuesday,0
14020220,Wednesday,0
14020221,Thursday,1
14020222,Friday,1
14020223,Saturday,0
14020224,Sunday,0
14020225,Monday,1
14020226,Tuesday,0
14020227,Wednesday,0
14020228,Thursday,1
14020229,Friday,1
14020230,Saturday,0
14020231,Sunday,0
14020301,Monday,0
14020302,Tuesday,0
14020303,Wednesday,0
14020304,Thursday,1
14020305,Friday,1
14020306,Saturday,0
14020307,Sunday,0
14020308,Monday,0
14020309,Tuesday,0
14020310,Wednesday,0
14020311,Thursday,1
14020312,Friday,1
14020313,Saturday,0
14020314,Sunday,1
14020315,Monday,1
14020316,Tuesday,0
14020317,Wednesday,0
14020318,Thursday,1
14020319,Friday,1
14020320,Saturday,0
14020321,Sunday,0
14020322,Monday,0
14020323,Tuesday,0
14020324,Wednesday,0
14020325,Thursday,1
14020326,Friday,1
14020327,Saturday,0
14020328,Sunday,0
14020329,Monday,0
14020330,Tuesday,0
14020331,Wednesday,0
14020401,Thursday,1
14020402,Friday,1
14020403,Saturday,0
14020404,Sunday,0
14020405,Monday,0
14020406,Tuesday,0
14020407,Wednesday,1
14020408,Thursday,1
14020409,Friday,1
14020410,Saturday,0
14020411,Sunday,0
14020412,Monday,0
14020413,Tuesday,0
14020414,Wednesday,0
14020415,Thursday,1
14020416,Friday,1
14020417,Saturday,0
14020418,Sunday,0
14020419,Monday,0
14020420,Tuesday,0
14020421,Wednesday,0
14020422,Thursday,1
14020423,Friday,1
14020424,Saturday,0
14020425,Sunday,1
14020426,Monday,0
14020427,Tuesday,0
14020428,Wednesday,0
14020429,Thursday,1
14020430,Friday,1
14020431,Saturday,0
14020501,Sunday,0
14020502,Monday,0
14020503,Tuesday,0
14020504,Wednesday,1
14020505,Thursday,1
14020506,Friday,1
14020507,Saturday,0
14020508,Sunday,0
14020509,Monday,0
14020510,Tuesday,0
14020511,Wednesday,0
14020512,Thursday,1
14020513,Friday,1
14020514,Saturday,0
14020515,Sunday,0
14020516,Monday,0
14020517,Tuesday,0
14020518,Wednesday,0
14020519,Thursday,1
14020520,Friday,1
14020521,Saturday,0
14020522,Sunday,0
14020523,Monday,0
14020524,Tuesday,0
14020525,Wednesday,0
14020526,Thursday,1
14020527,Friday,1
14020528,Saturday,0
14020529,Sunday,0
14020530,Monday,0
14020531,Tuesday,0
14020601,Wednesday,0
14020602,Thursday,1
14020603,Friday,1
14020604,Saturday,0
14020605,Sunday,0
14020606,Monday,0
14020607,Tuesday,0
14020608,Wednesday,0
14020609,Thursday,1
14020610,Friday,1
14020611,Saturday,0
14020612,Sunday,0
14020613,Monday,0
14020614,Tuesday,1
14020615,Wednesday,0
14020616,Thursday,1
14020617,Friday,1
14020618,Saturday,0
14020619,Sunday,0
14020620,Monday,0
14020621,Tuesday,0
14020622,Wednesday,1
14020623,Thursday,1
14020624,Friday,1
14020625,Saturday,0
14020626,Sunday,0
14020627,Monday,0
14020628,Tuesday,0
14020629,Wednesday,0
14020630,Thursday,1
14020631,Friday,1
14020701,Saturday,1
14020702,Sunday,0
14020703,Monday,0
14020704,Tuesday,0
14020705,Wednesday,0
14020706,Thursday,1
14020707,Friday,1
14020708,Saturday,0
14020709,Sunday,0
14020710,Monday,1
14020711,Tuesday,0
14020712,Wednesday,0
14020713,Thursday,1
14020714,Friday,1
14020715,Saturday,0
14020716,Sunday,0
14020717,Monday,0
14020718,Tuesday,0
14020719,Wednesday,0
14020720,Thursday,1
14020721,Friday,1
14020722,Saturday,0
14020723,Sunday,0
14020724,Monday,0
14020725,Tuesday,0
14020726,Wednesday,0
14020727,Thursday,1
14020728,Friday,1
14020729,Saturday,0
14020730,Sunday,0
14020801,Monday,0
14020802,Tuesday,0
14020803,Wednesday,0
14020804,Thursday,1
14020805,Friday,1
14020806,Saturday,0
14020807,Sunday,0
14020808,Monday,0
14020809,Tuesday,0
14020810,Wednesday,0
14020811,Thursday,1
14020812,Friday,1
14020813,Saturday,0
14020814,Sunday,0
14020815,Monday,0
14020816,Tuesday,0
14020817,Wednesday,0
14020818,Thursday,1
14020819,Friday,1
14020820,Saturday,0
14020821,Sunday,0
14020822,Monday,0
14020823,Tuesday,0
14020824,Wednesday,0
14020825,Thursday,1
14020826,Friday,1
14020827,Saturday,0
14020828,Sunday,0
14020829,Monday,0
14020830,Tuesday,0
14020901,Wednesday,0
14020902,Thursday,1
14020903,Friday,1
14020904,Saturday,0
14020905,Sunday,0
14020906,Monday,0
14020907,Tuesday,0
14020908,Wednesday,0
14020909,Thursday,1
14020910,Friday,1
14020911,Saturday,0
14020912,Sunday,0
14020913,Monday,0
14020914,Tuesday,0
14020915,Wednesday,0
14020916,Thursday,1
14020917,Friday,1
14020918,Saturday,0
14020919,Sunday,0
14020920,Monday,0
14020921,Tuesday,0
14020922,Wednesday,0
14020923,Thursday,1
14020924,Friday,1
14020925,Saturday,1
14020926,Sunday,0
14020927,Monday,0
14020928,Tuesday,0
14020929,Wednesday,0
14020930,Thursday,1
14021001,Friday,1
14021002,Saturday,0
14021003,Sunday,0
14021004,Monday,0
14021005,Tuesday,0
14021006,Wednesday,0
14021007,Thursday,1
14021008,Friday,1
14021009,Saturday,0
14021010,Sunday,0
14021011,Monday,0
14021012,Tuesday,0
14021013,Wednesday,0
14021014,Thursday,1
14021015,Friday,1
14021016,Saturday,0
14021017,Sunday,0
14021018,Monday,0
14021019,Tuesday,0
14021020,Wednesday,0
14021021,Thursday,1
14021022,Friday,1
14021023,Saturday,0
14021024,Sunday,0
14021025,Monday,0
14021026,Tuesday,0
14021027,Wednesday,0
14021028,Thursday,1
14021029,Friday,1
14021030,Saturday,0
14021101,Sunday,0
14021102,Monday,0
14021103,Tuesday,0
14021104,Wednesday,0
14021105,Thursday,1
14021106,Friday,1
14021107,Saturday,0
14021108,Sunday,0
14021109,Monday,0
14021110,Tuesday,0
14021111,Wednesday,0
14021112,Thursday,1
14021113,Friday,1
14021114,Saturday,0
14021115,Sunday,0
14021116,Monday,0
14021117,Tuesday,0
14021118,Wednesday,0
14021119,Thursday,1
14021120,Friday,1
14021121,Saturday,0
14021122,Sunday,1
14021123,Monday,0
14021124,Tuesday,0
14021125,Wednesday,0
14021126,Thursday,1
14021127,Friday,1
14021128,Saturday,0
14021129,Sunday,0
14021130,Monday,0
14021201,Tuesday,0
14021202,Wednesday,0
14021203,Thursday,1
14021204,Friday,1
14021205,Saturday,0
14021206,Sunday,1
14021207,Monday,0
14021208,Tuesday,0
14021209,Wednesday,0
14021210,Thursday,1
14021211,Friday,1
14021212,Saturday,0
14021213,Sunday,0
14021214,Monday,0
14021215,Tuesday,0
14021216,Wednesday,0
14021217,Thursday,1
14021218,Friday,1
14021219,Saturday,0
14021220,Sunday,0
14021221,Monday,0
14021222,Tuesday,0
14021223,Wednesday,0
14021224,Thursday,1
14021225,Friday,1
14021226,Saturday,0
14021227,Sunday,1
14021228,Monday,1
14021229,Tuesday,1
14030101,Wednesday,1
14030102,Thursday,1
14030103,Friday,1
14030104,Saturday,1
14030105,Sunday,0
14030106,Monday,0
14030107,Tuesday,0
14030108,Wednesday,0
14030109,Thursday,1
14030110,Friday,1
14030111,Saturday,0
14030112,Sunday,1
14030113,Monday,1
14030114,Tuesday,0
14030115,Wednesday,0
14030116,Thursday,1
14030117,Friday,1
14030118,Saturday,0
14030119,Sunday,0
14030120,Monday,0
14030121,Tuesday,0
14030122,Wednesday,1
14030123,Thursday,1
14030124,Friday,1
14030125,Saturday,0
14030126,Sunday,0
14030127,Monday,0
14030128,Tuesday,0
14030129,Wednesday,0
14030130,Thursday,1
14030131,Friday,1
14030201,Saturday,0
14030202,Sunday,0
14030203,Monday,0
14030204,Tuesday,0
14030205,Wednesday,0
14030206,Thursday,1
14030207,Friday,1
14030208,Saturday,0
14030209,Sunday,0
14030210,Monday,0
14030211,Tuesday,0
14030212,Wednesday,0
14030213,Thursday,1
14030214,Friday,1
14030215,Saturday,1
14030216,Sunday,0
14030217,Monday,0
14030218,Tuesday,0
14030219,Wednesday,0
14030220,Thursday,1
14030221,Friday,1
14030222,Saturday,0
14030223,Sunday,0
14030224,Monday,0
14030225,Tuesday,0
14030226,Wednesday,0
14030227,Thursday,1
14030228,Friday,1
14030229,Saturday,0
14030230,Sunday,0
14030231,Monday,0
14030301,Tuesday,0
14030302,Wednesday,0
14030303,Thursday,1
14030304,Friday,1
14030305,Saturday,0
14030306,Sunday,0
14030307,Monday,0
14030308,Tuesday,0
14030309,Wednesday,0
14030310,Thursday,1
14030311,Friday,1
14030312,Saturday,0
14030313,Sunday,0
14030314,Monday,1
14030315,Tuesday,1
14030316,Wednesday,0
14030317,Thursday,1
14030318,Friday,1
14030319,Saturday,0
14030320,Sunday,0
14030321,Monday,0
14030322,Tuesday,0
14030323,Wednesday,0
14030324,Thursday,1
14030325,Friday,1
14030326,Saturday,0
14030327,Sunday,0
14030328,Monday,1
14030329,Tuesday,0
14030330,Wednesday,0
14030331,Thursday,1
14030401,Friday,1
14030402,Saturday,0
14030403,Sunday,0
14030404,Monday,0
14030405,Tuesday,1
14030406,Wednesday,0
14030407,Thursday,1
14030408,Friday,1
14030409,Saturday,0
14030410,Sunday,0
14030411,Monday,0
14030412,Tuesday,0
14030413,Wednesday,0
14030414,Thursday,1
14030415,Friday,1
14030416,Saturday,0
14030417,Sunday,0
14030418,Monday,0
14030419,Tuesday,0
14030420,Wednesday,0
14030421,Thursday,1
14030422,Friday,1
14030423,Saturday,0
14030424,Sunday,0
14030425,Monday,1
14030426,Tuesday,1
14030427,Wednesday,0
14030428,Thursday,1
14030429,Friday,1
14030430,Saturday,0
14030431,Sunday,0
14030501,Monday,0
14030502,Tuesday,0
14030503,Wednesday,0
14030504,Thursday,1
14030505,Friday,1
14030506,Saturday,0
14030507,Sunday,0
14030508,Monday,0
14030509,Tuesday,0
14030510,Wednesday,0
14030511,Thursday,1
14030512,Friday,1
14030513,Saturday,0
14030514,Sunday,0
14030515,Monday,0
14030516,Tuesday,0
14030517,Wednesday,0
14030518,Thursday,1
14030519,Friday,1
14030520,Saturday,0
14030521,Sunday,0
14030522,Monday,0
14030523,Tuesday,0
14030524,Wednesday,0
14030525,Thursday,1
14030526,Friday,1
14030527,Saturday,0
14030528,Sunday,0
14030529,Monday,0
14030530,Tuesday,0
14030531,Wednesday,0
14030601,Thursday,1
14030602,Friday,1
14030603,Saturday,0
14030604,Sunday,1
14030605,Monday,0
14030606,Tuesday,0
14030607,Wednesday,0
14030608,Thursday,1
14030609,Friday,1
14030610,Saturday,0
14030611,Sunday,0
14030612,Monday,1
14030613,Tuesday,0
14030614,Wednesday,1
14030615,Thursday,1
14030616,Friday,1
14030617,Saturday,0
14030618,Sunday,0
14030619,Monday,0
14030620,Tuesday,0
14030621,Wednesday,0
14030622,Thursday,1
14030623,Friday,1
14030624,Saturday,0
14030625,Sunday,0
14030626,Monday,0
14030627,Tuesday,0
14030628,Wednesday,0
14030629,Thursday,1
14030630,Friday,1
14030631,Saturday,1
14030701,Sunday,0
14030702,Monday,0
14030703,Tuesday,0
14030704,Wednesday,0
14030705,Thursday,1
14030706,Friday,1
14030707,Saturday,0
14030708,Sunday,0
14030709,Monday,0
14030710,Tuesday,0
14030711,Wednesday,0
14030712,Thursday,1
14030713,Friday,1
14030714,Saturday,0
14030715,Sunday,0
14030716,Monday,0
14030717,Tuesday,0
14030718,Wednesday,0
14030719,Thursday,1
14030720,Friday,1
14030721,Saturday,0
14030722,Sunday,0
14030723,Monday,0
14030724,Tuesday,0
14030725,Wednesday,0
14030726,Thursday,1
14030727,Friday,1
14030728,Saturday,0
14030729,Sunday,0
14030730,Monday,0
14030801,Tuesday,0
14030802,Wednesday,0
14030803,Thursday,1
14030804,Friday,1
14030805,Saturday,0
14030806,Sunday,0
14030807,Monday,0
14030808,Tuesday,0
14030809,Wednesday,0
14030810,Thursday,1
14030811,Friday,1
14030812,Saturday,0
14030813,Sunday,0
14030814,Monday,0
14030815,Tuesday,0
14030816,Wednesday,0
14030817,Thursday,1
14030818,Friday,1
14030819,Saturday,0
14030820,Sunday,0
14030821,Monday,0
14030822,Tuesday,0
14030823,Wednesday,0
14030824,Thursday,1
14030825,Friday,1
14030826,Saturday,0
14030827,Sunday,0
14030828,Monday,0
14030829,Tuesday,0
14030830,Wednesday,0
14030901,Thursday,1
14030902,Friday,1
14030903,Saturday,0
14030904,Sunday,0
14030905,Monday,0
14030906,Tuesday,0
14030907,Wednesday,0
14030908,Thursday,1
14030909,Friday,1
14030910,Saturday,0
14030911,Sunday,0
14030912,Monday,0
14030913,Tuesday,0
14030914,Wednesday,0
14030915,Thursday,1
14030916,Friday,1
14030917,Saturday,0
14030918,Sunday,0
14030919,Monday,0
14030920,Tuesday,0
14030921,Wednesday,0
14030922,Thursday,1
14030923,Friday,1
14030924,Saturday,0
14030925,Sunday,0
14030926,Monday,0
14030927,Tuesday,0
14030928,Wednesday,0
14030929,Thursday,1
14030930,Friday,1
14031001,Saturday,0
14031002,Sunday,0
14031003,Monday,0
14031004,Tuesday,0
14031005,Wednesday,0
14031006,Thursday,1
14031007,Friday,1
14031008,Saturday,0
14031009,Sunday,0
14031010,Monday,0
14031011,Tuesday,0
14031012,Wednesday,0
14031013,Thursday,1
14031014,Friday,1
14031015,Saturday,0
14031016,Sunday,0
14031017,Monday,0
14031018,Tuesday,0
14031019,Wednesday,0
14031020,Thursday,1
14031021,Friday,1
14031022,Saturday,0
14031023,Sunday,0
14031024,Monday,0
14031025,Tuesday,1
14031026,Wednesday,0
14031027,Thursday,1
14031028,Friday,1
14031029,Saturday,0
14031030,Sunday,0
14031101,Monday,0
14031102,Tuesday,0
14031103,Wednesday,0
14031104,Thursday,1
14031105,Friday,1
14031106,Saturday,0
14031107,Sunday,0
14031108,Monday,0
14031109,Tuesday,1
14031110,Wednesday,0
14031111,Thursday,1
14031112,Friday,1
14031113,Saturday,0
14031114,Sunday,0
14031115,Monday,0
14031116,Tuesday,0
14031117,Wednesday,0
14031118,Thursday,1
14031119,Friday,1
14031120,Saturday,0
14031121,Sunday,0
14031122,Monday,1
14031123,Tuesday,0
14031124,Wednesday,0
14031125,Thursday,1
14031126,Friday,1
14031127,Saturday,0
14031128,Sunday,0
14031129,Monday,0
14031130,Tuesday,0
14031201,Wednesday,0
14031202,Thursday,1
14031203,Friday,1
14031204,Saturday,0
14031205,Sunday,0
14031206,Monday,0
14031207,Tuesday,0
14031208,Wednesday,0
14031209,Thursday,1
14031210,Friday,1
14031211,Saturday,0
14031212,Sunday,0
14031213,Monday,0
14031214,Tuesday,0
14031215,Wednesday,0
14031216,Thursday,1
14031217,Friday,1
14031218,Saturday,0
14031219,Sunday,0
14031220,Monday,0
14031221,Tuesday,0
14031222,Wednesday,0
14031223,Thursday,1
14031224,Friday,1
14031225,Saturday,0
14031226,Sunday,0
14031227,Monday,1
14031228,Tuesday,1
14031229,Wednesday,1
14031230,Thursday,1
